https://images-2.rakuten.tv/storage/global-live-channel/translation/artwork/a0e491eb-8f73-4bd9-a034-0fe9fd6984d7.jpeg,https://raw.githubusercontent.com/kreris/picons/refs/heads/main/picons%20ott/scifi_rakuten_tv.png
https://tvpnlogopeu.samsungcloud.tv/platform/image/sourcelogo/vc/00/02/34/ES500004NO_20250408T021816SQUARE.png,https://raw.githubusercontent.com/kreris/picons/refs/heads/main/picons%20ott/scifi_rakuten_tv.png
https://images-2.rakuten.tv/storage/global-live-channel/translation/artwork/7ac6b11e-3ef5-48d7-a7b8-2639183af3ab.jpeg,https://raw.githubusercontent.com/kreris/picons/refs/heads/main/picons%20ott/bbc_series.png
https://tvpnlogopeu.samsungcloud.tv/platform/image/sourcelogo/vc/00/02/34/ES2800001G7_20250624T022314SQUARE.png,https://raw.githubusercontent.com/kreris/picons/refs/heads/main/picons%20ott/planeta_de_cine.png
https://images-2.rakuten.tv/storage/global-live-channel/translation/artwork/2c7d3efb-0e8c-49b8-a130-05f95b4c53ba.jpeg,https://raw.githubusercontent.com/kreris/picons/refs/heads/main/picons%20ott/cine_friki.png
https://images-1.rakuten.tv/storage/global-live-channel/translation/artwork/9d7e65e4-f350-4db2-80ec-461d1ed8371a.jpeg,https://raw.githubusercontent.com/kreris/picons/refs/heads/main/picons%20ott/cine_western.png
https://images-0.rakuten.tv/storage/global-live-channel/translation/artwork/87e940da-d9b1-4e7b-bf1b-499f3b0afe16.jpeg,https://raw.githubusercontent.com/kreris/picons/refs/heads/main/picons%20ott/todo_novelas.png
https://images-1.rakuten.tv/storage/global-live-channel/translation/artwork/bf0c7e3e-b46f-4f81-8d31-f096fba8d761.png,https://raw.githubusercontent.com/kreris/picons/refs/heads/main/picons%20ott/vive_kanal_d_drama.png
https://images-2.rakuten.tv/storage/global-live-channel/translation/artwork/99ae16ca-3e5a-4f96-8924-46d2c034f959.jpeg,https://raw.githubusercontent.com/kreris/picons/refs/heads/main/picons%20ott/LALIGA_Inside.png
https://images-2.rakuten.tv/storage/global-live-channel/translation/artwork/cf356519-2a5a-4d5e-9737-e133f5c5a5c8.jpeg,https://raw.githubusercontent.com/kreris/picons/refs/heads/main/picons%20ott/red_bull_tv.png
https://images-1.rakuten.tv/storage/global-live-channel/translation/artwork/21ddd31b-ff64-4afe-aaca-0eb13b1a7cff.jpeg,https://raw.githubusercontent.com/kreris/picons/refs/heads/main/picons%20ott/thats_70s.png
https://images-0.rakuten.tv/storage/global-live-channel/translation/artwork/d1bd1f06-f3a0-47ec-abac-62342ff42fdb.jpeg,https://raw.githubusercontent.com/kreris/picons/refs/heads/main/picons%20ott/thats_80s.png
https://images-0.rakuten.tv/storage/global-live-channel/translation/artwork/e8d66036-f48b-417d-961d-45b7bf5ca5c7.jpeg,https://raw.githubusercontent.com/kreris/picons/refs/heads/main/picons%20ott/thats_rock.png
https://images-0.rakuten.tv/storage/global-live-channel/translation/artwork/47d3b1e4-e855-414a-89f5-b72e0c5cd32d.jpeg,https://raw.githubusercontent.com/kreris/picons/refs/heads/main/picons%20ott/qello_concerts.png
https://images-2.rakuten.tv/storage/global-live-channel/translation/artwork/02365da1-268e-42e2-8fe2-5d6486ac5ddc.jpeg,https://raw.githubusercontent.com/kreris/picons/refs/heads/main/picons%20ott/flamenco_auditorio.png
https://images-3.rakuten.tv/storage/global-live-channel/translation/artwork/7995fcb8-ac5f-494c-8384-53e8f0a19cf6-fashion-tv-1602688597.jpeg,https://raw.githubusercontent.com/kreris/picons/refs/heads/main/picons%20ott/fashion_tv.png
https://images-0.rakuten.tv/storage/global-live-channel/translation/artwork/0084e46d-1059-410d-89cf-e9526ca5138f.jpeg,https://raw.githubusercontent.com/kreris/picons/refs/heads/main/picons%20ott/vivir_con_perros.png
https://images-1.rakuten.tv/storage/global-live-channel/translation/artwork/230687ab-a57f-4fba-81f5-30f71bea8142.jpeg,https://raw.githubusercontent.com/kreris/picons/refs/heads/main/picons%20ott/vivir_con_gatos.png
https://images-1.rakuten.tv/storage/global-live-channel/translation/artwork/ee7406e0-5a2a-49dc-9722-f3888314566c-surf-channel-1631785285.jpeg,https://raw.githubusercontent.com/kreris/picons/refs/heads/main/picons%20ott/surf_channel.png
https://images-2.rakuten.tv/storage/global-live-channel/translation/artwork/5e9b49bb-f481-40ee-8dac-dd9341ff52f9.jpeg,https://raw.githubusercontent.com/kreris/picons/refs/heads/main/picons%20ott/weather_spy.png
https://images-0.rakuten.tv/storage/global-live-channel/translation/artwork/2ed79327-afc6-47cb-9e5a-5b8c67aa60ff.jpeg,https://raw.githubusercontent.com/kreris/picons/refs/heads/main/picons%20ott/el_pais.png
https://tvpnlogopeu.samsungcloud.tv/platform/image/sourcelogo/vc/00/02/34/ESBD1300003VN_20241022T050520SQUARE.png,https://raw.githubusercontent.com/kreris/picons/refs/heads/main/picons%20ott/corazon.png
https://images-0.rakuten.tv/storage/global-live-channel/translation/artwork/9464f310-33c3-4e0f-b258-eeaf24d3fa51.png,https://raw.githubusercontent.com/kreris/picons/refs/heads/main/picons%20ott/oficios_perdidos.png
https://images-2.rakuten.tv/storage/global-live-channel/translation/artwork/1cc9ab7e-8283-4c32-a3f3-e2a4d0e1d33f.jpeg,https://raw.githubusercontent.com/kreris/picons/refs/heads/main/picons%20ott/people_are_awesome.png
https://images-1.rakuten.tv/storage/global-live-channel/translation/artwork/4f51ac5c-a9ee-43ef-b44e-4eba377df3b2.jpeg,https://raw.githubusercontent.com/kreris/picons/refs/heads/main/picons%20ott/thats_90s00s.png
https://images-3.rakuten.tv/storage/global-live-channel/translation/artwork/f796c006-b189-4b90-b8ff-6a42cf6d4bd7.jpeg,https://raw.githubusercontent.com/kreris/picons/refs/heads/main/picons%20ott/vevo_pop.png
https://images-2.rakuten.tv/storage/global-live-channel/translation/artwork/acffba3b-1779-48a8-bf69-de8f2cdf69c2.jpeg,https://raw.githubusercontent.com/kreris/picons/refs/heads/main/picons%20ott/vevo_latino.png
https://images-0.rakuten.tv/storage/global-live-channel/translation/artwork/d87dc825-59c3-42cd-b973-a619c211f3a3.jpeg,https://raw.githubusercontent.com/kreris/picons/refs/heads/main/picons%20ott/metal.rocks.png
https://images-1.rakuten.tv/storage/global-live-channel/translation/artwork/ea0298dc-538a-44b7-b58c-fa23625ff1a0.jpeg,https://raw.githubusercontent.com/kreris/picons/refs/heads/main/picons%20ott/qwest_tv.png
https://tvpnlogopeu.samsungcloud.tv/platform/image/sourcelogo/vc/00/02/34/ESBD230000289_20250513T005434SQUARE.png,https://raw.githubusercontent.com/kreris/picons/refs/heads/main/picons%20ott/vevo_retro.png
https://images-0.rakuten.tv/storage/global-live-channel/translation/artwork/494bf8eb-ab6c-40ba-884a-3625c9181e1d.jpeg,https://raw.githubusercontent.com/kreris/picons/refs/heads/main/picons%20ott/mr._bean__live_action.png
https://images-0.rakuten.tv/storage/global-live-channel/translation/artwork/7ff74f0d-63d9-44f5-99e3-d11bdbf81197.jpeg,https://raw.githubusercontent.com/kreris/picons/refs/heads/main/picons%20ott/mr_bean_animated.png
https://images-0.rakuten.tv/storage/global-live-channel/translation/artwork/b427e296-f7e7-488a-b8ac-f9822584acff.jpeg,https://raw.githubusercontent.com/kreris/picons/refs/heads/main/picons%20ott/pocoyo.png
https://tvpnlogopeu.samsungcloud.tv/platform/image/sourcelogo/vc/00/02/34/ESBD130000205_20241022T050609SQUARE.png,https://raw.githubusercontent.com/kreris/picons/refs/heads/main/picons%20ott/pitufo_tv.png
https://images-1.rakuten.tv/storage/global-live-channel/translation/artwork/66532545-7c48-4163-8602-4c17c8bb12ac.jpeg,https://raw.githubusercontent.com/kreris/picons/refs/heads/main/picons%20ott/la_abeja_maya.png
https://tvpnlogopeu.samsungcloud.tv/platform/image/sourcelogo/vc/00/02/34/ESBC4700001GR_20241022T050629SQUARE.png,https://raw.githubusercontent.com/kreris/picons/refs/heads/main/picons%20ott/ducktv.png
XXXXXXXXXXXXXXXXXXXXXXXXXXXXXXXZZZZZZZZZZZZZZZZZZZ,https://raw.githubusercontent.com/kreris/picons/refs/heads/main/picons%20ott/.png
